country,iso_code,date,total_vaccinations,people_vaccinated,people_fully_vaccinated,daily_vaccinations_raw,daily_vaccinations,total_vaccinations_per_hundred,people_vaccinated_per_hundred,people_fully_vaccinated_per_hundred,daily_vaccinations_per_million,vaccines,source_name,source_website
Afghanistan,AFG,2021-03-16,54000.0,54000.0,,,2862.0,0.14,0.14,,74.0,Oxford/AstraZeneca,Government of Afghanistan,http://www.xinhuanet.com/english/asiapacific/2021-03/16/c_139814668.htm
Albania,ALB,2021-03-31,119321.0,,,,9333.0,4.15,,,3243.0,Pfizer/BioNTech,Ministry of Health,https://shendetesia.gov.al/dita-4-vijon-vaksinimi-masiv-manastirliu-jemi-te-pergatitur-per-te-rritur-numrin-e-vaksinimeve-javen-tjeter-nis-levrimi-i-dozave-te-pfizer/
Algeria,DZA,2021-02-19,75000.0,,,,3748.0,0.17,,,85.0,Sputnik V,Ministry of Health,https://www.echoroukonline.com/%d9%84%d9%82%d8%a7%d8%ad-%d9%83%d9%88%d8%b1%d9%88%d9%86%d8%a7-%d8%b9%d8%b6%d9%88-%d8%a8%d8%a7%d9%84%d9%84%d8%ac%d9%86%d8%a9-%d8%a7%d9%84%d8%b9%d9%84%d9%85%d9%8a%d8%a9-%d9%8a%d9%83%d8%b4%d9%81-%d8%b9/
Andorra,AND,2021-03-19,9288.0,,,,428.0,12.02,,,5539.0,Pfizer/BioNTech,Government of Andorra,https://www.govern.ad/comunicats/item/12558-el-govern-repren-l-administracio-del-vacci-d-oxford-astrazeneca-a-partir-de-dilluns
Angola,AGO,2021-03-29,130750.0,130750.0,,,8057.0,0.4,0.4,,245.0,Oxford/AstraZeneca,Ministry of Health,https://www.angop.ao/en/noticias/saude/covid-19-angola-com-130.750-pessoas-imunizadas/
Anguilla,AIA,2021-03-19,5348.0,5348.0,,,60.0,35.65,35.65,,3999.0,Oxford/AstraZeneca,Ministry of Health,https://www.facebook.com/MinistryofHealthAnguilla/posts/1416076468746925?__cft__[0]=AZUg69IJENUHboczW8qOAnM__Hiwo_LW-XjrnGc-LFhs9cKDdCt68zfDDaLBDKbZ8oy_EmlCWrdoZ_JHIhLgcjYC245vzoi4Xr2nLO2lPczTYfS9KmygmqYNXYxAHMs6MstvEvuflHR3FuntLl_03dNV&__tn__=%2CO%2CP-R
Antigua and Barbuda,ATG,2021-03-25,26424.0,,,,161.0,26.98,,,1644.0,Oxford/AstraZeneca,Ministry of Health,https://www.facebook.com/investingforwellness/photos/a.259371477836167/1135388016901171/?type=3
Argentina,ARG,2021-04-02,4123152.0,3440284.0,682868.0,100135.0,92677.0,9.12,7.61,1.51,2051.0,"Oxford/AstraZeneca, Sinopharm/Beijing, Sputnik V",Ministry of Health,http://datos.salud.gob.ar/dataset/vacunas-contra-covid-19-dosis-aplicadas-en-la-republica-argentina
Australia,AUS,2021-04-02,750000.0,,,39933.0,41406.0,2.94,,,1624.0,"Oxford/AstraZeneca, Pfizer/BioNTech",Government of Australia via covidlive.com.au,https://covidlive.com.au/vaccinations
Austria,AUT,2021-04-01,1682949.0,1223240.0,459709.0,33491.0,33199.0,18.69,13.58,5.1,3686.0,"Moderna, Oxford/AstraZeneca, Pfizer/BioNTech",Ministry of Health,https://info.gesundheitsministerium.gv.at/opendata/
Azerbaijan,AZE,2021-04-02,889033.0,569994.0,319039.0,32670.0,54088.0,8.77,5.62,3.15,5335.0,Sinovac,Government of Azerbaijan,https://koronavirusinfo.az/az/post/740
Bahamas,BHS,2021-03-18,7000.0,7000.0,,6890.0,6890.0,1.78,1.78,,17521.0,Oxford/AstraZeneca,Government of the Bahamas,https://opm.gov.bs/statement-from-the-national-covid-19-vaccine-consultative-committee/
Bahrain,BHR,2021-04-02,782530.0,522955.0,259575.0,7334.0,9303.0,45.99,30.73,15.25,5467.0,"Oxford/AstraZeneca, Pfizer/BioNTech, Sinopharm/Beijing, Sputnik V",Ministry of Health,https://healthalert.gov.bh/en/
Bangladesh,BGD,2021-03-31,5370431.0,5370431.0,,,43055.0,3.26,3.26,,261.0,Oxford/AstraZeneca,Directorate General of Health Services,https://dghs.gov.bd/images/docs/vpr/Covid-19-Vaccination-Update-31-3-2021.pdf
Barbados,BRB,2021-04-01,63735.0,63735.0,,7.0,133.0,22.18,22.18,,463.0,Oxford/AstraZeneca,Ministry of Health,https://www.facebook.com/moh.barbados/photos/a.768944336470972/4073960082636031
Belarus,BLR,2021-03-26,66618.0,40518.0,26100.0,,2616.0,0.71,0.43,0.28,277.0,Sputnik V,Ministry of Health,https://eng.belta.by/president/view/vaccination-in-focus-of-lukashenkos-meeting-with-healthcare-minister-138542-2021/
Belgium,BEL,2021-04-01,1951432.0,1404877.0,546555.0,52561.0,36527.0,16.84,12.12,4.72,3152.0,"Moderna, Oxford/AstraZeneca, Pfizer/BioNTech",Sciensano,https://epistat.wiv-isp.be/covid/
Belize,BLZ,2021-03-31,22067.0,22067.0,,,555.0,5.55,5.55,,1396.0,Oxford/AstraZeneca,Ministry of Health,https://www.facebook.com/Belizehealth/photos/a.1410495949248816/2655751034723295/
Bermuda,BMU,2021-03-27,37788.0,22417.0,15371.0,,664.0,60.68,36.0,24.68,10663.0,Pfizer/BioNTech,Government of Bermuda,https://www.royalgazette.com/health/news/article/20210330/covid-press-conference-at-5-30pm/
Bhutan,BTN,2021-04-02,453595.0,453595.0,,18758.0,64799.0,58.79,58.79,,83979.0,Oxford/AstraZeneca,Ministry of Health,https://www.facebook.com/MoHBhutan/posts/4033927426668843?__cft__[0]=AZUn1hciZ4oiML5vFVBKECOnluBLSuHKb4ohv7vD83ulvKMsk5kYO9TfDfdMTKjGo67rV9NuatnMcwxuMONq1qxvC8NZqyohuQhdNYaJ9F3Kw6cLTForpVQDwflh7d2xWu6M2Khh0pHF3Mq8KAFg0QqQ&__tn__=%2CO%2CP-R
Bolivia,BOL,2021-04-01,318115.0,203103.0,115012.0,13930.0,11420.0,2.73,1.74,0.99,978.0,Sputnik V,Ministry of Health,https://twitter.com/SaludDeportesBo/status/1377802182943211520
Brazil,BRA,2021-04-02,20632877.0,16099532.0,4533345.0,564021.0,514287.0,9.71,7.57,2.13,2419.0,"Oxford/AstraZeneca, Sinovac",Ministry of Health,https://viz.saude.gov.br/extensions/DEMAS_C19Vacina/DEMAS_C19Vacina.html
Bulgaria,BGR,2021-04-02,498085.0,398203.0,99882.0,12083.0,9694.0,7.17,5.73,1.44,1395.0,"Moderna, Oxford/AstraZeneca, Pfizer/BioNTech",Ministry of Health,https://coronavirus.bg/bg/statistika
Cambodia,KHM,2021-03-24,296149.0,229079.0,67070.0,15026.0,13982.0,1.77,1.37,0.4,836.0,Sinopharm/Beijing,Ministry of Health,https://www.facebook.com/MinistryofHealthofCambodia/photos/a.930887636950343/3876567642382313/
Canada,CAN,2021-04-02,5968907.0,5271365.0,697542.0,72062.0,166854.0,15.81,13.97,1.85,4421.0,"Moderna, Oxford/AstraZeneca, Pfizer/BioNTech",Official data from provinces via covid19tracker.ca,https://covid19tracker.ca/vaccinationtracker.html
Cape Verde,CPV,2021-03-24,2184.0,2184.0,,,364.0,0.39,0.39,,655.0,Oxford/AstraZeneca,Government of Cape Verde,https://www.noticiasaominuto.com/mundo/1718730/cabo-verde-vacinou-mais-de-metade-dos-profissionais-de-saude-numa-semana
Cayman Islands,CYM,2021-04-01,50763.0,30607.0,20156.0,1202.0,957.0,77.24,46.57,30.67,14562.0,Pfizer/BioNTech,Cayman Islands Government,https://www.exploregov.ky/coronavirus-statistics
Chile,CHL,2021-04-02,10780764.0,6937113.0,3843651.0,6883.0,162997.0,56.4,36.29,20.11,8527.0,"Pfizer/BioNTech, Sinovac",Department of Statistics and Health Information,https://www.gob.cl/yomevacuno/
China,CHN,2021-04-02,133801000.0,,,7185000.0,5190143.0,9.3,,,3606.0,"Sinopharm/Beijing, Sinopharm/Wuhan, Sinovac",National Health Commission,http://www.nhc.gov.cn/xcs/yqjzqk/202104/2d30c4012929439c9e7cfff8415da13d.shtml
Colombia,COL,2021-04-01,2300890.0,1965935.0,334955.0,57498.0,117789.0,4.52,3.86,0.66,2315.0,"Pfizer/BioNTech, Sinovac",Ministry of Health via Universidad de La Sabana,https://www.minsalud.gov.co/salud/publica/Vacunacion/Paginas/Vacunacion-covid-19.aspx
Costa Rica,CRI,2021-03-29,384355.0,224092.0,160263.0,,10276.0,7.55,4.4,3.15,2017.0,Pfizer/BioNTech,Costa Rican Social Security Fund,https://www.ccss.sa.cr/web/coronavirus/vacunacion
Cote d'Ivoire,CIV,2021-04-02,45247.0,45247.0,,2522.0,2020.0,0.17,0.17,,77.0,Oxford/AstraZeneca,Ministry of Health and Public Hygiene,https://www.facebook.com/Mshpci/posts/1868821653283520
Croatia,HRV,2021-03-31,475037.0,385724.0,89313.0,,10191.0,11.57,9.4,2.18,2482.0,Pfizer/BioNTech,Ministry of Health,https://vlada.gov.hr/vijesti/u-hrvatskoj-2422-nova-slucaja-koronavirusa-20-osoba-umrlo/31787
Cyprus,CYP,2021-03-20,129438.0,93475.0,35963.0,,2320.0,14.78,10.67,4.11,2649.0,Pfizer/BioNTech,Government of Cyprus,https://www.financialmirror.com/2021/03/20/covid19-cyprus-vaccinations-reach-people-aged-66/
Czechia,CZE,2021-04-02,1782913.0,1226081.0,556832.0,18534.0,32517.0,16.65,11.45,5.2,3036.0,"Moderna, Oxford/AstraZeneca, Pfizer/BioNTech",Ministry of Health,https://onemocneni-aktualne.mzcr.cz/covid-19
Denmark,DNK,2021-04-01,1145037.0,748324.0,396713.0,11158.0,18083.0,19.77,12.92,6.85,3122.0,"Moderna, Oxford/AstraZeneca, Pfizer/BioNTech",Statens Serum Institut,https://covid19.ssi.dk/overvagningsdata/vaccinationstilslutning
Dominica,DMA,2021-03-25,16058.0,16058.0,,,178.0,22.31,22.31,,2473.0,Oxford/AstraZeneca,Government of Dominica,https://www.facebook.com/MinistryOfHealthDominica/photos/a.105730227736978/280390780270921/?type=3&theater
Dominican Republic,DOM,2021-04-01,1101528.0,1000000.0,101528.0,,38550.0,10.15,9.22,0.94,3554.0,"Oxford/AstraZeneca, Sinovac",Ministry of Public Health,https://twitter.com/SaludPublicaRD/status/1377564766181396480
Ecuador,ECU,2021-03-29,244866.0,182329.0,62537.0,,9179.0,1.39,1.03,0.35,520.0,Pfizer/BioNTech,Government of Ecuador via Ecuacovid,https://github.com/andrab/ecuacovid
Egypt,EGY,2021-01-30,1315.0,,,,219.0,0.0,,,2.0,Sinopharm/Beijing,Ministry of Health,"http://english.ahram.org.eg/NewsContent/1/64/399964/Egypt/Politics-/,-medical-staff-vaccinated-against-COVID-in-first-.aspx"
El Salvador,SLV,2021-04-01,120476.0,120476.0,,20621.0,8497.0,1.86,1.86,,1310.0,"Oxford/AstraZeneca, Pfizer/BioNTech, Sinovac",Ministry of Health,https://diarioelsalvador.com/120476-vacunas-contra-la-covid-19-han-sido-aplicadas-desde-el-inicio-de-las-jornadas-de-inmunizacion-en-el-salvador/59690/
England,OWID_ENG,2021-04-01,30507732.0,26576629.0,3931103.0,534408.0,477283.0,54.2,47.22,6.98,8479.0,"Oxford/AstraZeneca, Pfizer/BioNTech",Government of the United Kingdom,https://coronavirus.data.gov.uk/details/healthcare
Equatorial Guinea,GNQ,2021-04-01,14080.0,11090.0,2990.0,,521.0,1.0,0.79,0.21,371.0,Sinopharm/Beijing,Ministry of Health,https://guineasalud.org/estadisticas/
Estonia,EST,2021-04-02,279012.0,211367.0,67645.0,11951.0,5010.0,21.03,15.93,5.1,3777.0,"Moderna, Oxford/AstraZeneca, Pfizer/BioNTech",National Health Board,https://www.terviseamet.ee/et/uudised/covid-19-blogi-2-aprill-oopaevaga-lisandus-901-positiivset-testi
Faeroe Islands,FRO,2021-03-30,10770.0,6641.0,4129.0,,184.0,22.04,13.59,8.45,3765.0,"Moderna, Pfizer/BioNTech",Government of the Faeroe Islands,https://corona.fo/api
Falkland Islands,FLK,2021-03-26,2187.0,2187.0,,,14.0,62.79,62.79,,4020.0,Oxford/AstraZeneca,Government of the Falkland Islands,https://www.facebook.com/FalkIandsGov/posts/4340986369248990
Finland,FIN,2021-04-02,1054985.0,965298.0,89687.0,34779.0,22397.0,19.04,17.42,1.62,4042.0,"Moderna, Oxford/AstraZeneca, Pfizer/BioNTech",Finnish Institute for Health and Welfare,https://sampo.thl.fi/pivot/prod/en/vaccreg/cov19cov/fact_cov19cov?column=measure-533185.533172.433796.533175&row=cov_vac_dose-533174L
France,FRA,2021-04-01,11771461.0,8833275.0,2938186.0,384654.0,282684.0,17.27,12.96,4.31,4148.0,"Moderna, Oxford/AstraZeneca, Pfizer/BioNTech",Public Health France,https://www.data.gouv.fr/fr/datasets/donnees-relatives-aux-personnes-vaccinees-contre-la-covid-19-1/
Gabon,GAB,2021-04-02,2433.0,2433.0,,,328.0,0.11,0.11,,147.0,Sinopharm/Beijing,Ministry of Health,https://twitter.com/SanteGOUVGA/status/1378069022399475720
Gambia,GMB,2021-03-28,5345.0,5345.0,,,281.0,0.22,0.22,,116.0,Oxford/AstraZeneca,Ministry of Health,https://twitter.com/MoHCovid19GMB/status/1376310943685210112
Georgia,GEO,2021-03-31,7822.0,7822.0,,,648.0,0.2,0.2,,162.0,Oxford/AstraZeneca,Government of Georgia,https://www.facebook.com/ncdcgeorgia/posts/3867400110014557
Germany,DEU,2021-03-31,13772656.0,9620262.0,4152394.0,275034.0,281357.0,16.44,11.48,4.96,3358.0,"Moderna, Oxford/AstraZeneca, Pfizer/BioNTech",Robert Koch Institut,https://impfdashboard.de/
Ghana,GHA,2021-03-24,500000.0,500000.0,,,13571.0,1.61,1.61,,437.0,Oxford/AstraZeneca,Government of Ghana,https://twitter.com/utvghana/status/1374700183347470342
Gibraltar,GIB,2021-04-02,60907.0,32293.0,28614.0,642.0,624.0,180.78,95.85,84.93,18521.0,Pfizer/BioNTech,Government of Gibraltar,https://twitter.com/GibraltarGov/status/1377924973424222209
Greece,GRC,2021-04-02,1777502.0,1135585.0,641917.0,38451.0,29254.0,17.05,10.89,6.16,2807.0,"Moderna, Oxford/AstraZeneca, Pfizer/BioNTech",Ministry of Health,https://www.data.gov.gr/datasets/mdg_emvolio/
Greenland,GRL,2021-03-01,5130.0,3927.0,1203.0,,77.0,9.04,6.92,2.12,1356.0,Pfizer/BioNTech,Government of Greenland,https://knr.gl/da/nyheder/overblik-s%C3%A5-langt-er-gr%C3%B8nland-med-vaccinere
Grenada,GRD,2021-03-24,9821.0,9821.0,,,135.0,8.73,8.73,,1200.0,Oxford/AstraZeneca,Government of Grenada,https://www.facebook.com/HealthGrenada/photos/a.570448523487244/984081865457239/?type=3&theater
Guatemala,GTM,2021-04-01,110438.0,109246.0,1192.0,2273.0,3106.0,0.62,0.61,0.01,173.0,Moderna,Ministry of Health,https://gtmvigilanciacovid.shinyapps.io/3869aac0fb95d6baf2c80f19f2da5f98
Guernsey,GGY,2021-03-29,33400.0,25746.0,7654.0,,236.0,49.81,38.4,11.42,3520.0,Pfizer/BioNTech,Government of Guernsey,https://covid19.gov.gg/guidance/vaccine
Guinea,GIN,2021-03-31,56479.0,,,,2788.0,0.43,,,212.0,Sputnik V,National Health Security Agency,https://twitter.com/anss_guinee/status/1377555600238854146/photo/1
Guyana,GUY,2021-03-31,32714.0,32714.0,,,1432.0,4.16,4.16,,1821.0,Oxford/AstraZeneca,Ministry of Health,https://www.facebook.com/mohguyana/photos/a.1505704143066460/2575414036095460/
Honduras,HND,2021-03-21,43073.0,43073.0,,,5218.0,0.43,0.43,,527.0,"Moderna, Oxford/AstraZeneca",Government of Honduras,https://www.laprensa.hn/honduras/1451346-410/honduras-cobertura-segunda-jornada-vacunacion-personal-salud-pandemia-covid
Hong Kong,HKG,2021-04-02,531200.0,471400.0,59800.0,10900.0,13729.0,7.09,6.29,0.8,1831.0,"Pfizer/BioNTech, Sinovac",Government of Hong Kong,https://www.info.gov.hk/gia/general/202104/02/P2021040200803.htm
Hungary,HUN,2021-04-01,3019875.0,2156680.0,863195.0,166720.0,88809.0,31.26,22.33,8.94,9193.0,"Moderna, Oxford/AstraZeneca, Pfizer/BioNTech, Sinopharm/Beijing, Sputnik V",Government of Hungary,https://koronavirus.gov.hu/cikkek/2-millio-156-ezer-beoltott-9055-az-uj-fertozott-elhunyt-267-beteg
Iceland,ISL,2021-03-31,72987.0,49289.0,23698.0,,2137.0,21.39,14.44,6.94,6262.0,"Moderna, Oxford/AstraZeneca, Pfizer/BioNTech",Directorate of Health,https://www.covid.is/tolulegar-upplysingar-boluefni
India,IND,2021-04-02,73054295.0,63081589.0,9972706.0,4265157.0,2134932.0,5.29,4.57,0.72,1547.0,"Covaxin, Oxford/AstraZeneca",Ministry of Health,http://mohfw.gov.in/pdf/CumulativeCOVIDVaccinationCOverageREport2ndApril2021.pdf
Indonesia,IDN,2021-04-02,12292491.0,8424729.0,3867762.0,66463.0,268524.0,4.49,3.08,1.41,982.0,Sinovac,Ministry of Health,https://www.kemkes.go.id/article/view/21030300004/Situasi-Vaksinasi-COVID-19.html
Iran,IRN,2021-03-19,124193.0,,,,3806.0,0.15,,,45.0,Sputnik V,Government of Iran,https://www.barkhat.news/social/161614986958/distribution-of-595-thousand-doses-of-corona-vaccine
Iraq,IRQ,2021-03-29,26727.0,26727.0,,,955.0,0.07,0.07,,24.0,"Oxford/AstraZeneca, Sinopharm/Beijing",Ministry of Health,https://www.facebook.com/MOH.GOV.IQ/posts/3865264086861294
Ireland,IRL,2021-03-30,840561.0,603802.0,236759.0,20885.0,18745.0,17.02,12.23,4.79,3796.0,"Moderna, Oxford/AstraZeneca, Pfizer/BioNTech",Heath Service Executive,https://covid19ireland-geohive.hub.arcgis.com/
Isle of Man,IMN,2021-04-02,52831.0,37491.0,15340.0,1229.0,1013.0,62.13,44.09,18.04,11913.0,"Oxford/AstraZeneca, Pfizer/BioNTech",Isle of Man Government,https://covid19.gov.im/general-information/covid-19-vaccination-statistics/
Israel,ISR,2021-04-01,10057609.0,5252718.0,4804891.0,26351.0,21200.0,116.2,60.69,55.51,2449.0,"Moderna, Pfizer/BioNTech",Government of Israel,https://datadashboard.health.gov.il/COVID-19/general
Italy,ITA,2021-04-02,10769413.0,7403351.0,3366062.0,244003.0,240588.0,17.81,12.24,5.57,3979.0,"Moderna, Oxford/AstraZeneca, Pfizer/BioNTech",Extraordinary commissioner for the Covid-19 emergency,https://github.com/italia/covid19-opendata-vaccini/blob/master/dati/somministrazioni-vaccini-summary-latest.csv
Jamaica,JAM,2021-03-25,33000.0,33000.0,,,1878.0,1.11,1.11,,634.0,Oxford/AstraZeneca,Government of Jamaica,https://jamaica-gleaner.com/article/news/20210327/more-33000-jamaicans-have-received-first-vaccine-shot
Japan,JPN,2021-04-02,1096698.0,913341.0,183357.0,46586.0,39118.0,0.87,0.72,0.14,309.0,Pfizer/BioNTech,"Ministry of Health, Labour and Welfare",https://www.mhlw.go.jp/stf/seisakunitsuite/bunya/vaccine_sesshujisseki.html
Jersey,JEY,2021-03-28,59132.0,44318.0,14814.0,,981.0,58.5,43.85,14.66,9706.0,"Oxford/AstraZeneca, Pfizer/BioNTech",Government of Jersey,https://www.gov.je/Health/Coronavirus/Vaccine/Pages/VaccinationStatistics.aspx
Jordan,JOR,2021-03-30,409203.0,304946.0,104257.0,,14985.0,4.01,2.99,1.02,1469.0,"Pfizer/BioNTech, Sinopharm/Beijing",Government of Jordan,https://petra.gov.jo/Include/InnerPage.jsp?ID=33506&lang=en&name=en_news
Kazakhstan,KAZ,2021-03-18,109995.0,90748.0,19247.0,,5129.0,0.59,0.48,0.1,273.0,Sputnik V,Government of Kazakhstan,https://menafn.com/1101775696/Over-19-thou-received-two-COVID-19-vaccine-doses-in-Kazakhstan
Kenya,KEN,2021-03-31,161771.0,161771.0,,,13953.0,0.3,0.3,,259.0,Oxford/AstraZeneca,Ministry of Health,https://nairobinews.nation.co.ke/news/aga-khan-hospital-resumes-covid-19-vaccination
Kuwait,KWT,2021-03-29,604861.0,,,,11660.0,14.16,,,2730.0,Pfizer/BioNTech,Ministry of Health,https://twitter.com/drayalsanad/status/1376585974948499459
Laos,LAO,2021-03-17,40732.0,40732.0,,,,0.56,0.56,,,"Sinopharm/Beijing, Sputnik V",Government of Laos,http://www.xinhuanet.com/english/asiapacific/2021-03/17/c_139816710.htm
Latvia,LVA,2021-04-02,,118979.0,,,,,6.31,,,"Moderna, Oxford/AstraZeneca, Pfizer/BioNTech",National Health Service,https://data.gov.lv/dati/eng/dataset/covid19-vakcinacijas
Lebanon,LBN,2021-04-02,225708.0,138558.0,87150.0,3376.0,6519.0,3.31,2.03,1.28,955.0,Pfizer/BioNTech,Government of Lebanon,https://impact.cib.gov.lb/home/dashboard/vaccine
Liechtenstein,LIE,2021-04-01,6100.0,,,,141.0,15.99,,,3697.0,"Moderna, Pfizer/BioNTech",Federal Office of Public Health,https://www.covid19.admin.ch/en/epidemiologic/vacc-doses?detGeo=FL
Lithuania,LTU,2021-03-31,515287.0,349571.0,165716.0,18801.0,10775.0,18.93,12.84,6.09,3958.0,"Moderna, Oxford/AstraZeneca, Pfizer/BioNTech",Ministry of Health,https://ls-osp-sdg.maps.arcgis.com/apps/opsdashboard/index.html#/b7063ad3f8c149d394be7f043dfce460
Luxembourg,LUX,2021-04-01,99356.0,75862.0,23494.0,3699.0,2386.0,15.87,12.12,3.75,3812.0,"Moderna, Oxford/AstraZeneca, Pfizer/BioNTech",Government of Luxembourg,https://data.public.lu/fr/datasets/r/08f1b10d-37a5-4cf4-95cd-bb24343f0b39
Macao,MAC,2021-04-01,52772.0,52772.0,,1755.0,1546.0,8.13,8.13,,2381.0,"Pfizer/BioNTech, Sinopharm/Beijing",Government of Macao,https://www.gov.mo/zh-hant/news/372183/
Malawi,MWI,2021-04-02,154801.0,154801.0,,9822.0,9242.0,0.81,0.81,,483.0,Oxford/AstraZeneca,Ministry of Health,https://twitter.com/health_malawi/status/1378057215748276232
Malaysia,MYS,2021-04-01,740226.0,498468.0,241758.0,42023.0,29078.0,2.29,1.54,0.75,898.0,"Pfizer/BioNTech, Sinovac",Government of Malaysia,https://twitter.com/JKJAVMY/status/1377813976160083968
Maldives,MDV,2021-04-02,241127.0,,,354.0,1919.0,44.61,,,3550.0,Oxford/AstraZeneca,Presidency of the Maldives,https://twitter.com/HPA_MV/status/1378032701614133248
Malta,MLT,2021-04-01,203553.0,147956.0,55597.0,6170.0,5350.0,46.1,33.51,12.59,12117.0,"Moderna, Oxford/AstraZeneca, Pfizer/BioNTech",COVID-19 Malta Public Health Response Team,https://github.com/COVID19-Malta/COVID19-Cases
Mauritius,MUS,2021-02-17,3843.0,3843.0,,,227.0,0.3,0.3,,178.0,Oxford/AstraZeneca,National Communication Committee on COVID-19,https://defimedia.info/voyages-et-covid-19-les-etats-unis-exigent-une-grande-prudence-sur-maurice
Mexico,MEX,2021-04-02,8644446.0,7586131.0,1058315.0,,308182.0,6.7,5.88,0.82,2390.0,"Oxford/AstraZeneca, Pfizer/BioNTech, Sputnik V",Secretary of Health,https://www.gob.mx/salud/prensa/135-mientras-desciende-epidemia-por-covid-19-se-incrementa-vacunacion-en-todo-el-pais?idiom=es\
Moldova,MDA,2021-04-01,42154.0,42154.0,,1833.0,2101.0,1.04,1.04,,521.0,Oxford/AstraZeneca,Ministry of Health,https://vaccinare.gov.md/
Monaco,MCO,2021-03-19,18081.0,9750.0,8331.0,,165.0,46.07,24.84,21.23,4204.0,Pfizer/BioNTech,National Council,https://www.facebook.com/GvtMonaco/photos/a.1443278289296473/2691393947818228/
Mongolia,MNG,2021-04-02,323690.0,,,12428.0,7712.0,9.87,,,2352.0,Oxford/AstraZeneca,Ministry of Health via ikon.mn,https://ikon.mn/
Montenegro,MNE,2021-04-02,25003.0,21195.0,3808.0,1957.0,1466.0,3.98,3.37,0.61,2334.0,"Sinopharm/Beijing, Sputnik V",Government of Montenegro,https://www.covidodgovor.me/
Montserrat,MSR,2021-03-17,1306.0,1112.0,194.0,,53.0,26.13,22.24,3.88,10602.0,Oxford/AstraZeneca,Government of Montserrat,https://www.facebook.com/GIUMontserrat/posts/863092317583445
Morocco,MAR,2021-04-02,8171651.0,4331082.0,3840569.0,75197.0,92338.0,22.14,11.73,10.41,2502.0,"Oxford/AstraZeneca, Sinopharm/Beijing",Ministry of Health,http://www.covidmaroc.ma/pages/Accueilfr.aspx
Mozambique,MOZ,2021-03-13,46439.0,46439.0,,,7740.0,0.15,0.15,,248.0,Sinopharm/Beijing,Deputy National Director of Public Health,https://allafrica.com/stories/202103160904.html
Myanmar,MMR,2021-02-05,380000.0,380000.0,,,41800.0,0.7,0.7,,768.0,Oxford/AstraZeneca,Ministry of Health,https://www.mmtimes.com/news/more-380000-myanmar-receive-covid-19-vaccine.html
Namibia,NAM,2021-04-01,1851.0,1851.0,,350.0,243.0,0.07,0.07,,96.0,Sinopharm/Beijing,Ministry of Health and Social Services,https://www.facebook.com/MoHSSNamibia/photos/pcb.723707301635609/723706358302370/
Nepal,NPL,2021-03-19,1600000.0,,,,44361.0,5.49,,,1523.0,Oxford/AstraZeneca,Government of Nepal,https://reliefweb.int/report/nepal/first-asia-pacific-refugees-nepal-receive-vaccinations-against-covid-19
Netherlands,NLD,2021-03-28,2378552.0,1688490.0,690062.0,,40082.0,13.88,9.85,4.03,2339.0,"Moderna, Oxford/AstraZeneca, Pfizer/BioNTech",National Institute for Public Health and the Environment,https://www.rivm.nl/covid-19-vaccinatie/cijfers-vaccinatieprogramma
New Zealand,NZL,2021-03-31,68666.0,52183.0,16483.0,,3881.0,1.42,1.08,0.34,805.0,Pfizer/BioNTech,Ministry of Health,https://www.nzherald.co.nz/nz/politics/covid-19-coronavirus-ministers-get-vaccine-and-provide-update-on-rollout/2ZR4W3BKQZ4OD4ZQ3USPE5H6VE/
Nigeria,NGA,2021-04-01,818865.0,818865.0,,100453.0,68909.0,0.4,0.4,,334.0,Oxford/AstraZeneca,Government of Nigeria,https://twitter.com/NphcdaNG/status/1377639497970638857
North Macedonia,MKD,2021-04-02,8398.0,8398.0,,,211.0,0.4,0.4,,101.0,Pfizer/BioNTech,Government of North Macedonia,https://kovid19vakcinacija.mk/
Northern Cyprus,OWID_CYN,2021-03-25,97969.0,53886.0,44083.0,,1403.0,25.63,14.1,11.53,3671.0,"Oxford/AstraZeneca, Pfizer/BioNTech, Sinovac",Ministry of Health,https://asibilgisistemi.com/
Northern Ireland,OWID_NIR,2021-04-01,918459.0,765005.0,153454.0,16693.0,13307.0,48.5,40.4,8.1,7027.0,"Oxford/AstraZeneca, Pfizer/BioNTech",Government of the United Kingdom,https://coronavirus.data.gov.uk/details/healthcare
Norway,NOR,2021-04-01,982924.0,699089.0,283835.0,10681.0,16053.0,18.13,12.9,5.24,2961.0,"Moderna, Oxford/AstraZeneca, Pfizer/BioNTech",Norwegian Institute of Public Health,https://www.fhi.no/sv/vaksine/koronavaksinasjonsprogrammet/koronavaksinasjonsstatistikk/
Oman,OMN,2021-03-31,151512.0,132493.0,19019.0,,3188.0,2.97,2.59,0.37,624.0,"Oxford/AstraZeneca, Pfizer/BioNTech",Ministry of Health,https://twitter.com/OmaniMOH/status/1377163421263663105
Pakistan,PAK,2021-03-31,800000.0,,,,26471.0,0.36,,,120.0,"Oxford/AstraZeneca, Sinopharm/Beijing, Sputnik V",National Command and Operation Centre,https://www.dawn.com/news/1615662/more-than-08m-covid-19-vaccine-doses-administered-in-pakistan-dr-faisal
Palestine,PSE,2021-04-01,93217.0,83822.0,9395.0,6151.0,5638.0,1.83,1.64,0.18,1105.0,"Moderna, Oxford/AstraZeneca, Pfizer/BioNTech",Ministry of Health,https://corona.ps/details
Panama,PAN,2021-04-01,373491.0,,,2698.0,6238.0,8.66,,,1446.0,Pfizer/BioNTech,Ministry of Health,https://twitter.com/MINSAPma/status/1377778846490054656/photo/2
Paraguay,PRY,2021-04-01,45494.0,43656.0,1838.0,166.0,2208.0,0.64,0.61,0.03,310.0,Sputnik V,Government of Paraguay,https://vacunate.mspbs.gov.py/index-listado-vacunados.php
Peru,PER,2021-04-01,854130.0,571524.0,282606.0,770.0,5579.0,2.59,1.73,0.86,169.0,Sinopharm/Beijing,Ministry of Health,https://www.datosabiertos.gob.pe/dataset/vacunaci%C3%B3n-contra-covid-19-ministerio-de-salud-minsa
Philippines,PHL,2021-03-24,508332.0,508332.0,,,39448.0,0.46,0.46,,360.0,"Oxford/AstraZeneca, Sinovac",Government of the Philippines,https://newsinfo.inquirer.net/1410799/over-500k-vaccinated-against-covid-19-in-ph
Poland,POL,2021-04-01,6462769.0,4404565.0,2058204.0,191793.0,127733.0,17.08,11.64,5.44,3375.0,"Moderna, Oxford/AstraZeneca, Pfizer/BioNTech",Ministry of Health,https://www.gov.pl/web/szczepimysie/raport-szczepien-przeciwko-covid-19
Portugal,PRT,2021-03-22,1691535.0,1196971.0,494521.0,,39223.0,16.59,11.74,4.85,3847.0,"Moderna, Oxford/AstraZeneca, Pfizer/BioNTech",Directorate General for Health,https://covid19.min-saude.pt/relatorio-de-vacinacao/
Qatar,QAT,2021-04-02,867209.0,,,25209.0,23609.0,30.1,,,8195.0,Pfizer/BioNTech,Ministry of Public Health,https://covid19.moph.gov.qa/EN/Pages/default.aspx
Romania,ROU,2021-04-01,3145907.0,2040532.0,1105375.0,57615.0,57306.0,16.35,10.61,5.75,2979.0,"Moderna, Oxford/AstraZeneca, Pfizer/BioNTech",Government of Romania,https://datelazi.ro/
Russia,RUS,2021-04-02,11779295.0,7247479.0,4531816.0,137000.0,241516.0,8.07,4.97,3.11,1655.0,"EpiVacCorona, Sputnik V",Official data from local governments via gogov.ru,https://gogov.ru/articles/covid-v-stats
Rwanda,RWA,2021-03-25,348926.0,348926.0,,297.0,3597.0,2.69,2.69,,278.0,"Moderna, Oxford/AstraZeneca, Pfizer/BioNTech",Ministry of Health,https://twitter.com/RwandaHealth/status/1375185409827803139
Saint Helena,SHN,2021-03-15,3107.0,3107.0,,,75.0,51.18,51.18,,12354.0,Oxford/AstraZeneca,Government of Saint Helena,https://www.sainthelena.gov.sh/2021/news/vaccination-programme-the-last-of-scheduled-vaccination-clinics/
Saint Kitts and Nevis,KNA,2021-03-27,8573.0,8573.0,,,124.0,16.12,16.12,,2331.0,Oxford/AstraZeneca,Government of Saint Kitts and Nevis,https://www.facebook.com/StKittsHPU/posts/886964598754047
Saint Lucia,LCA,2021-04-01,22554.0,,,197.0,211.0,12.28,,,1149.0,Oxford/AstraZeneca,Ministry of Health,https://www.covid19response.lc/
Saint Vincent and the Grenadines,VCT,2021-03-26,10519.0,,,,162.0,9.48,,,1460.0,Oxford/AstraZeneca,Ministry of Health,https://www.facebook.com/SVGHEALTH/posts/4335021876558202
San Marino,SMR,2021-03-31,12341.0,8818.0,3523.0,582.0,411.0,36.36,25.98,10.38,12110.0,Sputnik V,Social Security Institute,https://vaccinocovid.iss.sm/
Sao Tome and Principe,STP,2021-03-29,9724.0,9724.0,,,823.0,4.44,4.44,,3755.0,Oxford/AstraZeneca,Ministry of Health,https://www.facebook.com/MSaudeSTeP/photos/pcb.3764121173707955/3764120233708049
Saudi Arabia,SAU,2021-04-02,4722340.0,,,150862.0,119285.0,13.56,,,3426.0,"Oxford/AstraZeneca, Pfizer/BioNTech",Saudi Health Council,https://coronamap.sa
Scotland,OWID_SCT,2021-04-01,2930288.0,2515748.0,414540.0,37899.0,46806.0,53.64,46.05,7.59,8567.0,"Oxford/AstraZeneca, Pfizer/BioNTech",Government of the United Kingdom,https://coronavirus.data.gov.uk/details/healthcare
Senegal,SEN,2021-04-02,288319.0,288319.0,,13377.0,9001.0,1.72,1.72,,538.0,Sinopharm/Beijing,Ministry of Health,https://twitter.com/MinisteredelaS1/status/1377931510930624514
Serbia,SRB,2021-04-02,2521863.0,1458304.0,1063559.0,33232.0,34141.0,37.06,21.43,15.63,5017.0,"Oxford/AstraZeneca, Pfizer/BioNTech, Sinopharm/Beijing, Sputnik V",Government of Serbia,https://www.rts.rs/page/stories/sr/%D0%9A%D0%BE%D1%80%D0%BE%D0%BD%D0%B0%D0%B2%D0%B8%D1%80%D1%83%D1%81/story/3134/koronavirus-u-srbiji/4318077/korona-srbija-podaci-.-april-2021..html
Seychelles,SYC,2021-04-01,102080.0,64123.0,37957.0,,698.0,103.8,65.21,38.6,7098.0,"Oxford/AstraZeneca, Sinopharm/Beijing",Extended Programme for Immunisation,https://www.facebook.com/mohseychellesofficial/photos/pcb.1702967219904402/1702967099904414/
Sierra Leone,SLE,2021-03-30,25836.0,25836.0,,,2443.0,0.32,0.32,,306.0,Oxford/AstraZeneca,Ministry of Health and Sanitation,https://www.facebook.com/mohsict/photos/pcb.1362532444107898/1362532254107917/
Singapore,SGP,2021-03-29,1318912.0,943307.0,375605.0,,35286.0,22.54,16.12,6.42,6031.0,"Moderna, Pfizer/BioNTech",Ministry of Health,https://www.moh.gov.sg/covid-19
Slovakia,SVK,2021-04-01,1000911.0,737496.0,263415.0,19422.0,17284.0,18.33,13.51,4.82,3166.0,Pfizer/BioNTech,Ministry of Health,https://covid-19.nczisk.sk
Slovenia,SVN,2021-04-02,397882.0,279172.0,118710.0,11575.0,8723.0,19.14,13.43,5.71,4196.0,"Oxford/AstraZeneca, Pfizer/BioNTech",National Institute of Public Health,https://www.cepimose.si/
South Africa,ZAF,2021-04-01,269102.0,269102.0,269102.0,5224.0,6996.0,0.45,0.45,0.45,118.0,Johnson&Johnson,Ministry of Health,https://sacoronavirus.co.za/
South Korea,KOR,2021-04-02,979936.0,953556.0,26380.0,46012.0,26061.0,1.91,1.86,0.05,508.0,"Oxford/AstraZeneca, Pfizer/BioNTech",Korea Centers for Disease Control and Prevention,http://ncv.kdca.go.kr/
Spain,ESP,2021-04-01,8342155.0,5545140.0,2797015.0,306995.0,214631.0,17.84,11.86,5.98,4591.0,"Moderna, Oxford/AstraZeneca, Pfizer/BioNTech",Ministry of Health,https://www.mscbs.gob.es/profesionales/saludPublica/ccayes/alertasActual/nCov/vacunaCovid19.htm
Sri Lanka,LKA,2021-04-02,923954.0,923954.0,,4201.0,6993.0,4.31,4.31,,327.0,Oxford/AstraZeneca,Ministry of Health's Epidemiology Unit,https://www.epid.gov.lk/web/images/pdf/corona_virus_report/sitrep-sl-en-02-04_10_21.pdf
Suriname,SUR,2021-04-02,27760.0,27760.0,,,1111.0,4.73,4.73,,1894.0,Oxford/AstraZeneca,Government of Suriname,https://laatjevaccineren.sr/
Sweden,SWE,2021-04-01,1666783.0,1167532.0,499251.0,55273.0,32581.0,16.5,11.56,4.94,3226.0,"Oxford/AstraZeneca, Pfizer/BioNTech",Public Health Agency of Sweden,https://www.folkhalsomyndigheten.se/smittskydd-beredskap/utbrott/aktuella-utbrott/covid-19/vaccination-mot-covid-19/statistik/statistik-over-registrerade-vaccinationer-covid-19/
Switzerland,CHE,2021-03-31,1536186.0,961559.0,574627.0,65902.0,27454.0,17.75,11.11,6.64,3172.0,"Moderna, Pfizer/BioNTech",Federal Office of Public Health,https://www.covid19.admin.ch/en/epidemiologic/vacc-doses?detGeo=CH
Taiwan,TWN,2021-04-01,16450.0,16450.0,,2050.0,1342.0,0.07,0.07,,56.0,Oxford/AstraZeneca,Taiwan Centers for Disease Control,https://www.cdc.gov.tw/File/Get/ZEgt5pazQMtu1a-T9wLoJA
Thailand,THA,2021-03-30,180477.0,151413.0,29064.0,,11830.0,0.26,0.22,0.04,169.0,"Oxford/AstraZeneca, Sinovac",Government of Thailand,https://www.facebook.com/OICDDC/posts/3823323381121560?__cft__[0]=AZUBhFzaeqDrKw94O4rihYF25MEE3u-iYzTFdrO7mUmZcGQl3SEzU337_BYPaoM-KuiPJ-if2dWLg2Z_skUes3sbCR10KVgC_TxkfA6nWv4yHDccwsAuvsfG2vHMtwtD3KGiJ4s8V1B80gZalb94AQOtE1DV5yvqAlKMfJQJqdYiKg&__tn__=%2CO%2CP-R
Togo,TGO,2021-03-24,42092.0,42092.0,,,2806.0,0.51,0.51,,339.0,Oxford/AstraZeneca,Government of Togo,https://www.republicoftogo.com/Toutes-les-rubriques/Sante/Plus-de-42.000-personnes-vaccinees
Trinidad and Tobago,TTO,2021-02-27,991.0,991.0,,,97.0,0.07,0.07,,69.0,Oxford/AstraZeneca,Ministry of Health,https://www.looptt.com/content/100800-vaccines-approved-tt-deyalsingh-announces
Tunisia,TUN,2021-03-29,53089.0,53089.0,,,5010.0,0.45,0.45,,424.0,"Pfizer/BioNTech, Sputnik V",Ministry of Health,https://www.facebook.com/186480324724413/posts/3991380950900979/
Turkey,TUR,2021-04-02,16317170.0,9313746.0,7003424.0,168487.0,260846.0,19.35,11.04,8.3,3093.0,"Pfizer/BioNTech, Sinovac",COVID-19 Vaccine Information Platform,https://covid19asi.saglik.gov.tr/
Turks and Caicos Islands,TCA,2021-03-21,12935.0,12935.0,,,236.0,33.41,33.41,,6095.0,Pfizer/BioNTech,Ministry of Health,https://www.facebook.com/tcihealthpromotions/posts/1929025373934076
Uganda,UGA,2021-03-30,90196.0,90196.0,,9360.0,8239.0,0.2,0.2,,180.0,Oxford/AstraZeneca,Ministry of Health,https://twitter.com/MinofHealthUG/status/1377570056863895552
Ukraine,UKR,2021-04-01,267835.0,267833.0,2.0,19099.0,10796.0,0.61,0.61,0.0,247.0,Oxford/AstraZeneca,Ministry of Health,https://vaccination.covid19.gov.ua/
United Arab Emirates,ARE,2021-04-02,8491382.0,,,100080.0,98838.0,85.85,,,9993.0,"Oxford/AstraZeneca, Pfizer/BioNTech, Sinopharm/Beijing, Sinopharm/Wuhan, Sputnik V",National Emergency Crisis and Disaster Management Authority,http://covid19.ncema.gov.ae/en
United Kingdom,GBR,2021-04-01,36249902.0,31301267.0,4948635.0,589000.0,560558.0,53.4,46.11,7.29,8257.0,"Oxford/AstraZeneca, Pfizer/BioNTech",Government of the United Kingdom,https://coronavirus.data.gov.uk/details/healthcare
United States,USA,2021-04-02,157606463.0,101804762.0,57984785.0,3975059.0,2988825.0,47.13,30.44,17.34,8937.0,"Johnson&Johnson, Moderna, Pfizer/BioNTech",Centers for Disease Control and Prevention,https://covid.cdc.gov/covid-data-tracker/#vaccinations
Uruguay,URY,2021-04-02,772120.0,704237.0,67883.0,49400.0,38397.0,22.23,20.27,1.95,11054.0,"Pfizer/BioNTech, Sinovac",Ministry of Health,https://monitor.uruguaysevacuna.gub.uy/
Venezuela,VEN,2021-03-26,14223.0,14223.0,,,92.0,0.05,0.05,,3.0,Sputnik V,Government of Venezuela,https://cronica.uno/cinco-semanas-de-vacunacion-contra-la-covid-19-transcurrieron-en-medio-de-gran-desinformacion/
Vietnam,VNM,2021-03-30,48256.0,48256.0,,1840.0,1478.0,0.05,0.05,,15.0,Oxford/AstraZeneca,Government of Vietnam,https://laodong.vn/y-te/48256-nguoi-tai-19-tinh-thanh-da-duoc-tiem-vaccine-covid-19-894300.ldo
Wales,OWID_WLS,2021-03-31,1893423.0,1443885.0,449538.0,28303.0,27777.0,60.05,45.8,14.26,8810.0,"Oxford/AstraZeneca, Pfizer/BioNTech",Government of the United Kingdom,https://coronavirus.data.gov.uk/details/healthcare
Zimbabwe,ZWE,2021-04-02,124753.0,103815.0,20938.0,19446.0,8156.0,0.84,0.7,0.14,549.0,Sinopharm/Beijing,Ministry of Health,https://twitter.com/MoHCCZim/status/1378053949916377095
